kind,class,method,param,index,Path,Tool,Status,Comment,,,
FIELD,ru.spbau.tinydb.grammar.SQLGrammarParser$BooleanFactorContext,,result,,url3472127e1f_SergeyKrivohatskiy_tiny_database_tgz-pJ8-ru_spbau_tinydb_bufferManager_IndexTestJ8/src/ru/spbau/tinydb/grammar/SQLGrammarParser.java,Annotator,Correct,"The field is public and the class has no constructor, there is no null assignment directly, but it is copied into other variables that are both annotated as @Nullable and null checked.",no-null-assign,,
PARAMETER,org.jgraph.plaf.basic.BasicGraphUI$MouseHandler,"isDescendant(org.jgraph.graph.CellView,org.jgraph.graph.CellView)",childView,1,url20b0f880a5_jgraph_legacy_jgraph5_tgz-pJ8-org_jgraph_example_HelloWorldJ8/src/org/jgraph/plaf/basic/BasicGraphUI.java,Annotator,Correct,There is an explicit null check on the parameter. This method has only one caller and there are null checks and null assignments on that variable as well. WPI marked this parameter as @Nonnull.,>no-null-assign,,
FIELD,org.apache.hadoop.hive.ql.parse.HiveParser$alterProtectMode_return,,tree,,url86119f019a_solzy_hive_parse_tgz-pJ8-org_apache_hadoop_hive_ql_parse_MainJ8/src/org/apache/hadoop/hive/ql/parse/HiveParser.java,Annotator,Correct,"There is a static class that has no constructor and no method with just public non final fields, only one method instantiates this class and within that method, before returning the instance, this field is initialized to a non-null value.",no-null-assign,,
METHOD,es.uc3m.eda.list.IList,getAt(int),,,url3ed4973106_kosmasK_RecordPlayer_tgz-pJ8-es_uc3m_recordplayer_test_TestJ8/src/es/uc3m/eda/list/IList.java,Annotator,Correct,This is an interface method where overriding methods are returning explicitly null. The result of this method is copied into variables where there are null checks on them.,null,,
FIELD,org.jatha.compile.LispCompiler,,LIST,,url29ae058134_yuriy_chumak_jatha_tgz-pJ8-org_jatha_LispJ8/src/org/jatha/compile/LispCompiler.java,Annotator,Wrong,There is a nested init method call that initializes this single value to a nonnull value.,,,
FIELD,War.BattleOrders$SimpleOrder,,target,,url53f943c5cb_Praznat_AGP_tgz-pJ8-AMath_TestingJ8/src/War/BattleOrders.java,Annotator,Correct,Non-initialized field inside a private static class with no constructor and no usage.,no-null-assign,,
METHOD,agent.test.mock.MockGraphics,getKitrobotgraphics(),,,url7f43a4752f_shalynnho_pokemonfactory_tgz-pJ8-Networking_ServerJ8/src/agent/test/mock/MockGraphics.java,Annotator,Correct,Getter for a field that is not initialized in the constructor and the setter has not been called.,no-null-assign,,
PARAMETER,terminal.devices.cashe_machine,"getCommand(java.lang.String,java.lang.String)",command,0,urlce7759b8da_Palachsuper_EBA4_tgz-pJ8-json_TestJ8/src/terminal/devices/cashe_machine.java,Annotator,Correct,"There is no null check inside the method body, and the only value passed to this method is coming from calling a get from map.",map,,
FIELD,ru.spbau.tinydb.grammar.SQLGrammarParser$LessExpressionContext,,value,,url3472127e1f_SergeyKrivohatskiy_tiny_database_tgz-pJ8-ru_spbau_tinydb_bufferManager_IndexTestJ8/src/ru/spbau/tinydb/grammar/SQLGrammarParser.java,Annotator,Correct,"A public field in a class with no constructor, in every read, the field is immediately initialized to a nonnull value.",no-null-assign,,
PARAMETER,agent.CameraAgent,setNest(agent.NestAgent),nest,0,url7f43a4752f_shalynnho_pokemonfactory_tgz-pJ8-Networking_ServerJ8/src/agent/CameraAgent.java,Annotator,Wrong,"All the values passed to this parameter are from calling a get from an array list. Values inside the list are nonnull, mostly used to write tests.",,,
PARAMETER,org.KonohaScript.SyntaxTree.UnaryNode,"UnaryNode(org.KonohaScript.KClass,org.KonohaScript.SyntaxTree.TypedNode)",TypeInfo,0,url901cc5721b_shidasan_KonohaCoffee_tgz-pJ8-org_KonohaScript_KonohaJ8/src/org/KonohaScript/SyntaxTree/UnaryNode.java,Annotator,Correct,The null value is flowing from the code in the test code. The source of null value is from a public non-initialized static field which surprisingly has never been assigned any value in the code.,no-null-assign,,
METHOD,sjm.examples.book.coffee.Coffee,getFormerName(),,,url146c819f25_jlink_Parse4SJM_tgz-pJ8-sjm_examples_book_robot_ShowRobotRefactoredJ8/src/sjm/examples/book/coffee/Coffee.java,Annotator,Correct,"This is a getter for a field that is not initialized in the constructor. The field is protected but class has no subclass and no constructor. To initialize the field, the setter must be called. In the two places that the default constructor (not present in source code) is called, the setter is not called. The only usage of the getter is on tests.",no-null-assign,,
PARAMETER,org.msgpack.template.IntegerArrayTemplate,"read(org.msgpack.unpacker.Unpacker,int[],boolean)",to,1,url56b1dc76d3_wufunxiang_Libs_tgz-pJ8-org_msgpack_util_TemplatePrecompilerJ8/src/org/msgpack/template/IntegerArrayTemplate.java,Annotator,Correct,I see explicit null values passed to this argument and there is an explicit null check before usage.,bug,,
FIELD,org.apache.hadoop.hive.ql.parse.HiveParser$indexPropertiesList_return,,tree,,url86119f019a_solzy_hive_parse_tgz-pJ8-org_apache_hadoop_hive_ql_parse_MainJ8/src/org/apache/hadoop/hive/ql/parse/HiveParser.java,Annotator,Correct,"This is a field inside a static inner class that is inside another massive class (30K lines) with no method and just three fields with no constructor. In cases where this class is instantiated, through a very complex logic the field is initialized. This is field is only passed to third party code and that is why in the view of annotator is was safe.",no-null-assign,,
FIELD,org.apache.hadoop.hive.ql.parse.HiveParser_FromClauseParser$tableSource_return,,tree,,url86119f019a_solzy_hive_parse_tgz-pJ8-org_apache_hadoop_hive_ql_parse_MainJ8/src/org/apache/hadoop/hive/ql/parse/HiveParser_FromClauseParser.java,Annotator,Correct,"This is a field inside a static inner class that is inside another massive class (6K lines) with no method and just three fields with no constructor. In cases where this class is instantiated, through a very complex logic the field is initialized. This is field is only passed to third party code and that is why in the view of annotator is was safe.",no-null-assign,,
METHOD,com.sjl.health.internal.immutable.ImmutableIssue,getCause(),,,urlb7d18764c0_steveliles_health_tgz-pJ8-com_sjl_health_SampleConfigurationJ8/src/com/sjl/health/internal/immutable/ImmutableIssue.java,Annotator,Correct,"A getter for a field and the field can be null, the value is coming from high above in the callers but It can flow here to this field. I would respect this annotation and add a null check.",?,,
PARAMETER,org.agilewiki.jactor2.core.impl.mtMessages.RequestMtImpl,"setResponse(java.lang.Object,org.agilewiki.jactor2.core.impl.mtReactors.ReactorMtImpl)",_response,0,url7d636e8121_laforge49_JActor2_tgz-pJ8-org_agilewiki_jactor2_core_revisited_EHJ8/src/org/agilewiki/jactor2/core/impl/mtMessages/RequestMtImpl.java,Annotator,Correct,The parameter is not used inside the method and I see explicit null values flowing to this parameter from callers.,null,,
PARAMETER,de.odysseus.el.tree.impl.ast.AstUnary$3,"apply(de.odysseus.el.misc.TypeConverter,java.lang.Object)",o,1,url4fdf79ae2c_beckchr_juel_tgz-pJ8-de_odysseus_el_samples_xml_sax_XMELFilterJ8/src/de/odysseus/el/tree/impl/ast/AstUnary.java,Annotator,Correct,Evidence of null flown here. This is one of the methods that overrides a method. These methods pass the parameter to a single method through nested calls and in the end there is a null check on this parameter.,,,
FIELD,org.apache.hadoop.hive.ql.parse.HiveParser$dbPropertiesList_return,,tree,,url86119f019a_solzy_hive_parse_tgz-pJ8-org_apache_hadoop_hive_ql_parse_MainJ8/src/org/apache/hadoop/hive/ql/parse/HiveParser.java,Annotator,Correct,"This is a field inside a static inner class that is inside another massive class (30K lines) with no method and just three fields with no constructor. In cases where this class is instantiated, through a very complex logic the field is initialized. This is field is only passed to third party code and that is why in the view of annotator is was safe.",no-null-assign,,
FIELD,org.quartz.core.JobExecutionContextImpl,,calendar,,url7f729337e3_timmolter_Sundial_tgz-pJ8-org_knowm_sundial_SampleRunJ8/src/org/quartz/core/JobExecutionContextImpl.java,Annotator,Correct,Evidence of null values flown to this field and all previous calls before passing to this field had null checks on the value before use.,,,
METHOD,gramatica.Centralizador.VisitSkel$DadosVisitor,"visit(gramatica.Centralizador.Absyn.EData4,A)",,,url75694980d5_fabioalmeid_tp01ftc_tgz-pJ8-agentes_jade_Centralizador_ExemploParserGramaticaCentralizadorJ8/src/gramatica/Centralizador/VisitSkel.java,Annotator,Correct,"A visitor pattern that the base class is returning null for all methods. If any subclass does not implement the method, it will return null. I would respect the annotation and add a null check.",generics,,
METHOD,sjm.examples.book.engine.Term,unify(sjm.examples.book.engine.Variable),,,url146c819f25_jlink_Parse4SJM_tgz-pJ8-sjm_examples_book_robot_ShowRobotRefactoredJ8/src/sjm/examples/book/engine/Term.java,Annotator,Correct,"This is a method inside an abstract class. Subclasses can call each other to construct the final result. One of the subclasses explicitly return null in some condition, and the @Nullable is correct propagated to the super class.",generics,,
FIELD,GUI.FaceEditor,,hairlenS,,url53f943c5cb_Praznat_AGP_tgz-pJ8-AMath_TestingJ8/src/GUI/FaceEditor.java,Annotator,Correct,Public non-initialized field with no usage.,no-null-assign,,
FIELD,org.apache.hadoop.hive.ql.parse.HiveParser$regular_body_return,,tree,,url86119f019a_solzy_hive_parse_tgz-pJ8-org_apache_hadoop_hive_ql_parse_MainJ8/src/org/apache/hadoop/hive/ql/parse/HiveParser.java,Annotator,Correct,"This is a field inside a static inner class that is inside another massive class (6K lines) with no method and just three fields with no constructor. In cases where this class is instantiated, through a very complex logic the field is initialized. This is field is only passed to third party code and that is why in the view of annotator is was safe.",no-null-assign,,
PARAMETER,org.fressian.impl.Fns,"lookup(org.fressian.handlers.ILookup,K)",k,1,url57668a8619_Datomic_fressian_tgz-pJ8-org_fressian_ExamplesJ8/src/org/fressian/impl/Fns.java,Annotator,Correct,There is a null value flowing there.,generics,,
METHOD,risiko.ActionExecutor,caseStartGame(risiko.actions.StartGame),,,url70997c83aa_Xilaew_risiko_tgz-pJ8-risiko_XMI2XMLtransformerJ8/src/risiko/ActionExecutor.java,Annotator,Correct,"Inside this method, in one case it returns the value from super class which return null. The callers, also perform a null check on the return value of this method.",generics,,
METHOD,com.sdicons.scripty.parser.Eval,eval(java.lang.Object),,,url71665d7d68_branscha_lib_scripty_tgz-pJ8-com_sdicons_scripty_ScriptyAutoReplJ8/src/com/sdicons/scripty/parser/Eval.java,Annotator,Correct,Explicit null return and null checks on the return value from in callers.,bug,,
METHOD,risiko.ActionExecutor,caseAtack(risiko.actions.Atack),,,url70997c83aa_Xilaew_risiko_tgz-pJ8-risiko_XMI2XMLtransformerJ8/src/risiko/ActionExecutor.java,Annotator,Correct,The method has no body and return super method value which is returning null literal,null,,
PARAMETER,jatrace.Ray,"reflect(jatrace.Vector,jatrace.Vector)",normal,1,urlc945a4be7c_dburggie_jatrace_tgz-pJ8-renders_EllipseJ8/src/jatrace/Ray.java,Annotator,Wrong,"Very complicated field initialization that initialization of a field depends on other fields. Initially they are set to null, but initialized with another method (register()). The same condition used to initialize the field, is used before usage of the field.",,,
METHOD,compClientDefQ3.CompositeQ3$Provides,eval(),,,url18cf99526f_anasbenis_MiniProjetMay_tgz-pJ8-test_MainJ8/src/compClientDefQ3/CompositeQ3.java,Annotator,Correct,"Through calls to subclasses, it ends up returning a field, which there multiple checks on that if the field is null, it is a bug and should terminate the program.",no-null-assign,,
METHOD,org.jczh.appliedxml.TypeAdapters$11,read(org.jczh.appliedxml.XmlReader),,,url400631cdd0_ludaiqian_appliedxml_tgz-pJ8-test_simples_TestJ8/src/org/jczh/appliedxml/TypeAdapters.java,Annotator,Correct,Explicit null return in the method.,,,
METHOD,gramatica.Centralizador.Absyn.Operador,"accept(gramatica.Centralizador.Absyn.Operador.Visitor,A)",,,url75694980d5_fabioalmeid_tp01ftc_tgz-pJ8-agentes_jade_Centralizador_ExemploParserGramaticaCentralizadorJ8/src/gramatica/Centralizador/Absyn/Operador.java,Annotator,Correct,"A visitor pattern that the base class is returning null for all methods. If any subclass does not implement the method, it will return null. I would respect the annotation and add a null check.",generics,,
FIELD,com.jgraph.example.GraphEdMV,,undo,,url20b0f880a5_jgraph_legacy_jgraph5_tgz-pJ8-org_jgraph_example_HelloWorldJ8/src/com/jgraph/example/GraphEdMV.java,Annotator,Correct,An initialized unused field in a class with no constructor,no-null-assign,,
METHOD,ch.obermuhlner.jhuge.collection.AbstractHugeHashSet,readElement(long),,,url2b521cbda7_eobermuhlner_jhuge_tgz-pJ8-ch_obermuhlner_jhuge_example_MeasureHeapJ8/src/ch/obermuhlner/jhuge/collection/AbstractHugeHashSet.java,Annotator,Correct,Wrapper on a method that has exploit null return if element not found.,generics,,
METHOD,compDefQ1.Identification,provides(),,,url18cf99526f_anasbenis_MiniProjetMay_tgz-pJ8-test_MainJ8/src/compDefQ1/Identification.java,Annotator,Wrong,Assert is ignored from NullAway,,,
METHOD,org.jczh.appliedxml.Serializer,"fromXml(java.io.Reader,java.lang.reflect.Type)",,,url400631cdd0_ludaiqian_appliedxml_tgz-pJ8-test_simples_TestJ8/src/org/jczh/appliedxml/Serializer.java,Annotator,Wrong,"The method has null return but it will never return, it should have threw an exception instead.",,,
PARAMETER,Questing.ImmigrationQuests$EmigrateQuest,"EmigrateQuest(Sentiens.Clan,Shirage.Shire)",shire,1,url53f943c5cb_Praznat_AGP_tgz-pJ8-AMath_TestingJ8/src/Questing/ImmigrationQuests.java,Annotator,Correct,It is plausible that null flow to the parameter.,>generics,,
PARAMETER,publishers.CurrentMarketPublisher,"subscribe(client.User,java.lang.String)",u,0,urlfd018a75f7_highlanderkev_StockExVirtuoso_tgz-pJ8-driver_Phase4J8/src/publishers/CurrentMarketPublisher.java,Annotator,Wrong,"The problem is that the test code has been mixed with the actual source code. This parameter is of type User and in all cases, the user is retrieved from a map, and before calling get a null check is performed and ensure that the user is no null, but in the test, in many many cases a null (in view of NullAway) has been passed. If the test code was not included in the source code, Annotator would have not made this parameter Nullable which is Nonnull. No null checks on the argument.",,,
METHOD,org.joda.time.TestDateTimeZone$3,getNameKey(long),,,url933dd5727b_AppleLiang_Testing_Project_tgz-pJ8-org_joda_time_chrono_gj_MainTestJ8/src/org/joda/time/TestDateTimeZone.java,Annotator,Correct,This is a method with only return as the method body.,?,,
PARAMETER,Lataaja.TiedostonKasittelija,"puolisot(java.io.BufferedReader,java.lang.String)",br,0,url78d0cbe382_TeeAaTeeUu_SitsiPlaseeraus_tgz-pJ8-sitsiplaseeraus_MainJ8/src/Lataaja/TiedostonKasittelija.java,Annotator,Wrong,"The problem is with NullAway, there is a try catch block to initialize the value passed to this parameter, inside the catch there is System.exit() call and NullAway does not assume that in the case, the parameter does not flow to this method anymore.",,,
PARAMETER,ch.obermuhlner.jhuge.collection.ImmutableHugeHashMap$Builder,"put(K,V)",value,1,url2b521cbda7_eobermuhlner_jhuge_tgz-pJ8-ch_obermuhlner_jhuge_example_MeasureHeapJ8/src/ch/obermuhlner/jhuge/collection/ImmutableHugeHashMap.java,Annotator,Correct,"The problem is that the test code has been mixed with the actual source code. If the test code was not included in the source code, Annotator would have not made this parameter Nullable which is Nonnull. Null check on the argument",,,
FIELD,com.hoten.delaunay.voronoi.VoronoiGraph,,BEACH,,url4c27590fbe_Hoten_Java_Delaunay_tgz-pJ8-com_hoten_delaunay_examples_TestDriverJ8/src/com/hoten/delaunay/voronoi/VoronoiGraph.java,Annotator,Correct,A non-initialized field with no usage.,no-null-assign,,
FIELD,ru.spbau.tinydb.grammar.SQLGrammarParser$InsertIntoContext,,value,,url3472127e1f_SergeyKrivohatskiy_tiny_database_tgz-pJ8-ru_spbau_tinydb_bufferManager_IndexTestJ8/src/ru/spbau/tinydb/grammar/SQLGrammarParser.java,Annotator,Correct,Public field not initialized and has been used only once and directly after assigning a nonnull value.,no-null-assign,,
METHOD,Centralizador.Absyn.EMedic1,"accept(Centralizador.Absyn.Medicacao.Visitor,A)",,,url75694980d5_fabioalmeid_tp01ftc_tgz-pJ8-agentes_jade_Centralizador_ExemploParserGramaticaCentralizadorJ8/src/Centralizador/Absyn/EMedic1.java,Annotator,Correct,"A visitor pattern that the base class is returning null for all methods. If any subclass does not implement the method, it will return null. I would respect the annotation and add a null check.",generics,,
PARAMETER,jatrace.myInterface,"myInterface(double,jatrace.Vector,jatrace.Vector,jatrace.Body,jatrace.Color)",p,1,urlc945a4be7c_dburggie_jatrace_tgz-pJ8-renders_EllipseJ8/src/jatrace/myInterface.java,Annotator,Correct,I see plausible null values flowing here.,,,
PARAMETER,atuador.Absyn.EAcao,EAcao(atuador.Absyn.Remedio),p1,0,url75694980d5_fabioalmeid_tp01ftc_tgz-pJ8-agentes_jade_Centralizador_ExemploParserGramaticaCentralizadorJ8/src/atuador/Absyn/EAcao.java,Annotator,Correct,Plausible null flow to this parameter. The parameter is a return result of a visitor with can return null. I would do a null check and acknowledge the annotation.,generics,,
METHOD,org.jgraph.graph.DefaultGraphModel$1,getConnectionSet(),,,url20b0f880a5_jgraph_legacy_jgraph5_tgz-pJ8-org_jgraph_example_HelloWorldJ8/src/org/jgraph/graph/DefaultGraphModel.java,Annotator,Correct,A method with only return null in the body.,,,
PARAMETER,fr.inria.optimization.cmaes.CMAEvolutionStrategy,"genoPhenoTransformation(double[],double[])",y,1,url433bec1e56_sarobe_DifficultyInvestigation_tgz-pJ8-fr_inria_optimization_cmaes_examples_CMAExample1J8/src/fr/inria/optimization/cmaes/CMAEvolutionStrategy.java,Annotator,Correct,Explicit null value flowing here and an explicit null check on the parameter inside the method body.,,,
FIELD,ru.spbau.tinydb.grammar.SQLGrammarParser$BooleanFactorContext,,booleanExpression,,url3472127e1f_SergeyKrivohatskiy_tiny_database_tgz-pJ8-ru_spbau_tinydb_bufferManager_IndexTestJ8/src/ru/spbau/tinydb/grammar/SQLGrammarParser.java,Annotator,Correct,Public field not initialized and has been used only once and directly after assigning a nonnull value.,,,
FIELD,org.jgraph.graph.EdgeView,,endShape,,url20b0f880a5_jgraph_legacy_jgraph5_tgz-pJ8-org_jgraph_example_HelloWorldJ8/src/org/jgraph/graph/EdgeView.java,Annotator,Correct,Null assignments to this field and the field has null checks before use.,no-null-assign,,
FIELD,edu.luc.nmerge.graph.suffixtree.SuffixTree,,e,,../nullgtn/url294e6c45f3_Ecdosis_NMergeNew_tgz-pJ8-TestJ8/src/edu/luc/nmerge/graph/suffixtree/SuffixTree.java,NullGTN,Wrong,Made a primitive @Nullable,,,
METHOD,normchan.crapssim.simulation.strategy.ProgressiveHedgeStrategy10,getCurrentWinLoss(),,,../nullgtn/urlc7e4b8c1f2_normchan_craps_simulator_tgz-pJ8-normchan_crapssim_SimulatorJ8/src/normchan/crapssim/simulation/strategy/ProgressiveHedgeStrategy10.java,NullGTN,Wrong,Made a primitive @Nullable,,,
PARAMETER,br.edu.ufcg.lsd.oursim.fd.BertierFailureDetector,"updatePingSample(java.lang.String,long,long,long)",interArrivalStdDev,3,../nullgtn/urlb5d5be4365_abmargb_oursim_ext_tgz-pJ8-br_edu_ufcg_lsd_oursim_experiments_RemoteNoFScenarioGeneratorJ8/src/br/edu/ufcg/lsd/oursim/fd/BertierFailureDetector.java,NullGTN,Wrong,Made a primitive @Nullable,,,
PARAMETER,nz.net.initial3d.Initial3D,"stencilFuncSeparate(int,int,int,int)",mask,3,../nullgtn/url4b562c5cef_benos_9k_Initial3D_Stage1_tgz-pJ8-nz_net_initial3d_test_TestJ8/src/nz/net/initial3d/Initial3D.java,NullGTN,Wrong,Made a primitive @Nullable,,,
PARAMETER,permlab.utilities.ExportInterface,"export(permlib.Permutation,int,int,boolean)",width,1,../nullgtn/urlc175f05cb8_mchllbrt_PermCode_tgz-pJ8-permlib_examples_UniversalSeparableJ8/src/permlab/utilities/ExportInterface.java,NullGTN,Wrong,Made a primitive @Nullable,,,
PARAMETER,org.joda.time.field.TestPreciseDurationDateTimeField$MockZeroDurationField,"getValueAsLong(long,long)",instant,1,../nullgtn/url933dd5727b_AppleLiang_Testing_Project_tgz-pJ8-org_joda_time_chrono_gj_MainTestJ8/src/org/joda/time/field/TestPreciseDurationDateTimeField.java,NullGTN,Wrong,Made a primitive @Nullable,,,
PARAMETER,com.github.lindenb.dataindexer.SecondaryDatabaseReader$AbstractIntervalList,priv_get(long),index,0,../nullgtn/urld73c47f3e5_lindenb_dataindexer_tgz-pJ8-test_github_lindenb_dataindexer_SimpleIntegerJ8/src/com/github/lindenb/dataindexer/SecondaryDatabaseReader.java,NullGTN,Wrong,Made a primitive @Nullable,,,
PARAMETER,org.fressian.impl.Handlers$18,"read(org.fressian.Reader,java.lang.Object,int)",componentCount,2,../nullgtn/url57668a8619_Datomic_fressian_tgz-pJ8-org_fressian_ExamplesJ8/src/org/fressian/impl/Handlers.java,NullGTN,Wrong,Made a primitive @Nullable,,,
PARAMETER,org.jbox2d.testbed.tests.Tumbler,initTest(boolean),deserialized,0,../nullgtn/urld8e41b4f7f_warrenfalk_jbox2dtest_tgz-pJ8-org_jbox2d_testbed_framework_TestbedMainJ8/src/org/jbox2d/testbed/tests/Tumbler.java,NullGTN,Wrong,Made a primitive @Nullable,,,
PARAMETER,org.apache.thrift.protocol.TProtocol,writeByte(byte),b,0,../nullgtn/url00509339cf_tedwon_scribe_log4j_appender_tgz-pJ8-com_realtimecep_scribe_ScribeJavaServerJ8/src/org/apache/thrift/protocol/TProtocol.java,NullGTN,Wrong,Made a primitive @Nullable,,,
PARAMETER,xscript.object.XRuntime,getBaseType(int),type,0,../nullgtn/url5583f3dbb2_XOR19_XScript_tgz-pJ8-xscript_interactive_MainJ8/src/xscript/object/XRuntime.java,NullGTN,Wrong,Made a primitive @Nullable,,,
PARAMETER,com.moblima.dataaccess.CinemaDAOImpl,updateCinema(com.moblima.model.Cinema),cinema,0,urlaf656038a0_Salihan04_MOBLIMA_tgz-pJ8-com_moblima_util_dataTestJ8/src/com/moblima/dataaccess/CinemaDAOImpl.java,NullGTN,Correct,parameter not used.,,,
METHOD,minewebsocket.handlers.MessageHandler,broadcastMessage(java.lang.String),,,url6544f14c72_charles_d_burton_java_websocket_example_tgz-pJ8-minewebsocket_MineWebSocketJ8/src/minewebsocket/handlers/MessageHandler.java,NullGTN,Wrong,Made a primitive @Nullable,,,
PARAMETER,es.uc3m.eda.bstree.IBsTree,"add(K,E)",key,0,url3ed4973106_kosmasK_RecordPlayer_tgz-pJ8-es_uc3m_recordplayer_test_TestJ8/src/es/uc3m/eda/bstree/IBsTree.java,NullGTN,Wrong,"The method is inside an interface which has been called inside the project. Inside the methods that override this method, the parameter is directly dereferenced.",,,
PARAMETER,littlemangame.tutorial.TutorialDriver$10,actionPerformed(java.awt.event.ActionEvent),e,0,url78117c6033_BrianMoths_LittleManManager_tgz-pJ8-littlemangame_LittleManGameJ8/src/littlemangame/tutorial/TutorialDriver.java,NullGTN,Correct,parameter not used.,,,
PARAMETER,org.jgraph.util.ParallelEdgeRouter,"getParallelEdges(org.jgraph.graph.GraphLayoutCache,org.jgraph.graph.EdgeView,org.jgraph.graph.CellView,org.jgraph.graph.CellView)",edge,1,url20b0f880a5_jgraph_legacy_jgraph5_tgz-pJ8-org_jgraph_example_HelloWorldJ8/src/org/jgraph/util/ParallelEdgeRouter.java,NullGTN,Correct,parameter not used.,,,
PARAMETER,org.apache.thrift.TProcessor,"process(org.apache.thrift.protocol.TProtocol,org.apache.thrift.protocol.TProtocol)",in,0,url00509339cf_tedwon_scribe_log4j_appender_tgz-pJ8-com_realtimecep_scribe_ScribeJavaServerJ8/src/org/apache/thrift/TProcessor.java,NullGTN,Wrong,"This method never received a null value and in all subclasses, this parameter is dereferenced directly. From the definition of this method and semantics, it would be meaningless to pass a null value. It should certainly not be allowed to pass null.",,,
PARAMETER,net.jcores.jre.cores.Core,"fold(net.jcores.jre.utils.internal.processing.Folder,net.jcores.jre.options.Option[])",options,1,url70ed135da7_ralfbiedert_jcores_tgz-pJ8-sandbox_SimpleFilterTestJ8/src/net/jcores/jre/cores/Core.java,NullGTN,Correct,parameter not used.,,,
PARAMETER,org.jgraph.graph.AbstractCellView,"getPerimeterPoint(org.jgraph.graph.EdgeView,java.awt.geom.Point2D,java.awt.geom.Point2D)",edge,0,url20b0f880a5_jgraph_legacy_jgraph5_tgz-pJ8-org_jgraph_example_HelloWorldJ8/src/org/jgraph/graph/AbstractCellView.java,NullGTN,Wrong,"This method never received a null value and From the definition of this method and semantics, it would be meaningless to pass a null value. It should certainly not be allowed to pass null.",,,
PARAMETER,org.joda.time.chrono.TestJulianChronology,main(java.lang.String[]),args,0,url933dd5727b_AppleLiang_Testing_Project_tgz-pJ8-org_joda_time_chrono_gj_MainTestJ8/src/org/joda/time/chrono/TestJulianChronology.java,NullGTN,Wrong,Made the static void main arg nullable.,,,
PARAMETER,gramatica.Centralizador.Absyn.Remedio,"accept(gramatica.Centralizador.Absyn.Remedio.Visitor,A)",v,0,url75694980d5_fabioalmeid_tp01ftc_tgz-pJ8-agentes_jade_Centralizador_ExemploParserGramaticaCentralizadorJ8/src/gramatica/Centralizador/Absyn/Remedio.java,NullGTN,Wrong,"First parameter of a visitor (accept) is never null. In all usages “this"" is passed and makes no sense to be @nullable.",,,
PARAMETER,org.jgraph.JGraph,"getScrollableUnitIncrement(java.awt.Rectangle,int,int)",visibleRect,0,url20b0f880a5_jgraph_legacy_jgraph5_tgz-pJ8-org_jgraph_example_HelloWorldJ8/src/org/jgraph/JGraph.java,NullGTN,Wrong,"This is a single override of a method from third party, and it has been only called with nonnull values. Inside the method, the parameter has not been used. (It seems nullgtn sees a strong evidence of nullability if the parameter is not used in the method body).",,,
PARAMETER,gramatica.Atuador.FoldVisitor,leaf(A),arg,0,url75694980d5_fabioalmeid_tp01ftc_tgz-pJ8-agentes_jade_Centralizador_ExemploParserGramaticaCentralizadorJ8/src/gramatica/Atuador/FoldVisitor.java,NullGTN,Correct,T,,,
PARAMETER,sandbox.oldversions.net.jcores.v1.cores.CoreCollection,"map(net.jcores.jre.interfaces.functions.F1,net.jcores.jre.options.Option[])",function,0,url70ed135da7_ralfbiedert_jcores_tgz-pJ8-sandbox_SimpleFilterTestJ8/src/sandbox/oldversions/net/jcores/v1/cores/CoreCollection.java,NullGTN,Wrong,This method expects a nonnull value and no caller should pass null. This is responsibility of the caller to pass a nonnull function to a map.,,,
PARAMETER,c.exp.lit.LiteralBool,inferType(c.CodeContext),ctx,0,urlc8dbc7ce6e_dlubarov_guava_tgz-pJ8-MainJ8/src/c/exp/lit/LiteralBool.java,NullGTN,Wrong,"The parameter is not used in the method, but still the context object can never be null, and this method must not be called with a null value. It seems that NullGTN finds it a strong evidence that if a parameter is not used in a method, the parameter can be Nullable.",,,
PARAMETER,com.moblima.dataaccess.CineplexDAO,createCineplex(com.moblima.model.Cineplex),cineplex,0,urlaf656038a0_Salihan04_MOBLIMA_tgz-pJ8-com_moblima_util_dataTestJ8/src/com/moblima/dataaccess/CineplexDAO.java,NullGTN,Wrong,This method always receives a nonnull value and the parameter is directly dereferenced inside the method. There is no evidence of nullability of this method. This is a method from interface and it is unlikely that this method receives a null value.,,,
PARAMETER,org.quartz.triggers.MutableTrigger,setPriority(int),priority,0,url7f729337e3_timmolter_Sundial_tgz-pJ8-org_knowm_sundial_SampleRunJ8/src/org/quartz/triggers/MutableTrigger.java,NullGTN,Wrong,Made a primitive @Nullable,,,
PARAMETER,rivercityransom.services.GangsterService,"init(java.lang.String,int,int,int,int,int,int,int,int,rivercityransom.services.ObjetService)",largeur,1,urlc3ca8aa24b_davidsan_rivercityransom_tgz-pJ8-rivercityransom_dirtytests_GangsterTestMainJ8/src/rivercityransom/services/GangsterService.java,NullGTN,Wrong,Made a primitive @Nullable,,,
PARAMETER,rummyj.visitors.PrintVisitor,visit(rummyj.nodes.Right),n,0,urlaf1bd0a8c7_RoboCafaz_RummyJ_tgz-pJ8-rummyj_BFJ8/src/rummyj/visitors/PrintVisitor.java,NullGTN,Wrong,"The first parameter of a visitor, with this design is always “this”. It can never be null. This method is called accept() method where this is passed for the parameter.",,,
PARAMETER,pastorders.OrderDetailPanel,getEmptyTableMessage(gui.scrolltable.ZScrollTable),table,0,url9d04094941_petermikitsh_PizzaDeliverySystem_tgz-pJ8-testdrivers_ManagerReportTestDriverJ8/src/pastorders/OrderDetailPanel.java,NullGTN,Correct,parameter not used.,,,
PARAMETER,d.nat.NativeInt$8,"invoke(d.BaseObject[],int,d.ty.ConcreteType[])",genericArgs,2,urlc8dbc7ce6e_dlubarov_guava_tgz-pJ8-MainJ8/src/d/nat/NativeInt.java,NullGTN,Correct,parameter not used.,,,
PARAMETER,mp1401.examples.misterx.model.game.states.GameState,addMisterX(mp1401.examples.misterx.model.gameitems.MisterX),misterX,0,url73605095e9_mp1401_misterx_tgz-pJ8-mp1401_examples_misterx_demo_shell_ShellDemoJ8/src/mp1401/examples/misterx/model/game/states/GameState.java,NullGTN,Wrong,"Overriding methods of this method, assigns the passed value to a nonnull field, and it is responsibility of the caller to not call add(…) with a null value.",,,
PARAMETER,org.jgraph.graph.BasicMarqueeHandler,"isMarqueeTriggerEvent(java.awt.event.MouseEvent,org.jgraph.JGraph)",e,0,url20b0f880a5_jgraph_legacy_jgraph5_tgz-pJ8-org_jgraph_example_HelloWorldJ8/src/org/jgraph/graph/BasicMarqueeHandler.java,NullGTN,Wrong,This parameter is of type event that is called when an event in the GUI has occurred. I cant see any scenario where an event occurs and within this design the event is null ?,,,
PARAMETER,vsdk.toolkit.gui.CameraController,processKeyReleasedEventAwt(java.awt.event.KeyEvent),keyEvent,0,url4aac7e6f55_simon0191_tetris3d_tgz-pJ8-Tetris3dJ8/src/vsdk/toolkit/gui/CameraController.java,NullGTN,Wrong,This parameter is of type event that is called when an event in the GUI has occurred. I cant see any scenario where an event occurs and within this design the event is null ?. The event is not also used in the only place where this method is overridden. Overrides of this method should not also assume that they can be called with null event.,,,
FIELD,org.stephen.hashmap.CacheObject,,stringValue_02,,url36deadcd05_SCass1986_spawncamping_cyril_tgz-pJ8-org_stephen_hashmap_MainJ8/src/org/stephen/hashmap/CacheObject.java,NullGTN,Wrong,Made a primitive @Nullable,,,
PARAMETER,ch2.msg.State,"onMessage(T,ch2.msg.Telegram)",telegram,1,urlcc19a18863_born2snipe_Programming_Game_AI_tgz-pJ8-ch2_msg_MiningTestJ8/src/ch2/msg/State.java,NullGTN,Wrong,"This code has a very bad design, in 9 overrides of this method from interface, only one uses this parameter and is directly dereferenced. There is no evidence of nullability of this parameter.",,,
PARAMETER,xscript.compiler.main.Option,"process(xscript.compiler.main.OptionHelper,java.lang.String)",helper,0,url5583f3dbb2_XOR19_XScript_tgz-pJ8-xscript_interactive_MainJ8/src/xscript/compiler/main/Option.java,NullGTN,Wrong,"The only value passed to this parameter is a single object (static final) and is directly dereferenced in all enum constants declarations method body,",,,
PARAMETER,com.realtimecep.scribe.ScribeLogImpl,getCpuProfile(int),profileDurationInSec,0,url00509339cf_tedwon_scribe_log4j_appender_tgz-pJ8-com_realtimecep_scribe_ScribeJavaServerJ8/src/com/realtimecep/scribe/ScribeLogImpl.java,NullGTN,Wrong,Made a primitive @Nullable,,,
PARAMETER,algorithms.MSCBasedAlgorithm,"setMSCGroupParametrized(java.util.HashSet,msc.Group,int,java.util.ArrayList,java.util.ArrayList,boolean)",v1Set,0,url594c007908_hugobraga_College_tgz-pJ8-main_GraphJ8/src/algorithms/MSCBasedAlgorithm.java,NullGTN,Correct,parameter not used.,,,
PARAMETER,m68k.cpu.instructions.EORI_TO_SR$1,execute(int),opcode,0,url542ae48576_tonyheadford_m68k_tgz-pJ8-m68k_MonitorJ8/src/m68k/cpu/instructions/EORI_TO_SR.java,NullGTN,Wrong,Made a primitive @Nullable,,,
PARAMETER,nextgen.view.FProject,mGenerate3ActionPerformed(java.awt.event.ActionEvent),evt,0,urle514e161fe_pericodiaz89_NextGen_tgz-pJ8-lib_json_TestJ8/src/nextgen/view/FProject.java,NullGTN,Correct,parameter not used.,,,
PARAMETER,org.joda.time.TestLocalDate_Constructors,main(java.lang.String[]),args,0,url933dd5727b_AppleLiang_Testing_Project_tgz-pJ8-org_joda_time_chrono_gj_MainTestJ8/src/org/joda/time/TestLocalDate_Constructors.java,NullGTN,Wrong,Made the static void main arg nullable.,,,
PARAMETER,nextgen.view.FProject,mSaveActionPerformed(java.awt.event.ActionEvent),evt,0,urle514e161fe_pericodiaz89_NextGen_tgz-pJ8-lib_json_TestJ8/src/nextgen/view/FProject.java,NullGTN,Wrong,This parameter is of type event that is called when an event in the GUI has occurred. I cant see any scenario where an event occurs and within this design the event is null ?.,,,
PARAMETER,neworder.NewOrderViewGUI,getTableBGColor(gui.scrolltable.ZScrollTable),table,0,url9d04094941_petermikitsh_PizzaDeliverySystem_tgz-pJ8-testdrivers_ManagerReportTestDriverJ8/src/neworder/NewOrderViewGUI.java,NullGTN,Correct,parameter not used.,,,
PARAMETER,atuador.PrettyPrinter,"pp(java.lang.Integer,int)",_i_,1,url75694980d5_fabioalmeid_tp01ftc_tgz-pJ8-agentes_jade_Centralizador_ExemploParserGramaticaCentralizadorJ8/src/atuador/PrettyPrinter.java,NullGTN,Wrong,Made a primitive @Nullable,,,
METHOD,minewebsocket.org.java_websocket.client.WebSocketClient,isFlushAndClose(),,,url6544f14c72_charles_d_burton_java_websocket_example_tgz-pJ8-minewebsocket_MineWebSocketJ8/src/minewebsocket/org/java_websocket/client/WebSocketClient.java,NullGTN,Wrong,Made a primitive @Nullable,,,
PARAMETER,uk.ac.leeds.ccg.andyt.generic.memory.Generic_OutOfMemoryErrorHandler,swapToFile_DataAny(boolean),handleOutOfMemoryError,0,url64d634b8f0_agdturner_generic_tgz-pJ8-uk_ac_leeds_ccg_andyt_generic_visualisation_charts_Generic_BarChartJ8/src/uk/ac/leeds/ccg/andyt/generic/memory/Generic_OutOfMemoryErrorHandler.java,NullGTN,Wrong,Made a primitive @Nullable,,,
PARAMETER,ocr.MainEntry,load_actionPerformed(java.awt.event.ActionEvent),event,0,url74b2be4e76_gurbano_petulant_octo_sudoku_tgz-pJ8-test_testJ8/src/ocr/MainEntry.java,NullGTN,Wrong,This parameter is of type event that is called when an event in the GUI has occurred. I cant see any scenario where an event occurs and within this design the event is null ?.,,,
PARAMETER,m68k.cpu.Cpu,readMemoryWord(int),addr,0,url542ae48576_tonyheadford_m68k_tgz-pJ8-m68k_MonitorJ8/src/m68k/cpu/Cpu.java,NullGTN,Wrong,Made a primitive @Nullable,,,
PARAMETER,org.joda.time.chrono.TestCopticChronology,main(java.lang.String[]),args,0,url933dd5727b_AppleLiang_Testing_Project_tgz-pJ8-org_joda_time_chrono_gj_MainTestJ8/src/org/joda/time/chrono/TestCopticChronology.java,NullGTN,Wrong,Made the static void main arg nullable.,,,
METHOD,org.zeromq.ZMQ$Socket,getMaxMsgSize(),,,../wpi/url7b90c1010b_DastanIqbal_HelloZMQwithJava_tgz-pJ8-ClientJ8/src/org/zeromq/ZMQ.java,WPI,Wrong,Made a primitive @Nullable,primitive,,
FIELD,permlab.ui.AnimatedPermFrame,,optionsPanel,,urlc175f05cb8_mchllbrt_PermCode_tgz-pJ8-permlib_examples_UniversalSeparableJ8/src/permlab/ui/AnimatedPermFrame.java,WPI,Wrong,A private field that initialized inside the constructor though calling (init) and and never re-assigned. The field is also never checked for nullability.,inner-init,,
PARAMETER,careercup.google.SubarrayDiff$Answer,equals(java.lang.Object),o,0,url1a745d67fc_sobercheg_InterviewTraining_tgz-pJ8-leetcode_oj_Solution2TestJ8/src/careercup/google/SubarrayDiff.java,WPI,Correct,Parameter of equals can always be nullable.,propagation,,
PARAMETER,net.katsuster.ememu.arm.core.ExecStageARMv5,"executeLdrsb(net.katsuster.ememu.arm.core.InstructionARM,boolean)",inst,0,url3aa01d34ec_katsuster_ememu_tgz-pJ8-net_katsuster_ememu_ui_MainJ8/src/net/katsuster/ememu/arm/core/ExecStageARMv5.java,WPI,Wrong,"This is a method that executes an instruction. There are multiple different methods each specialized to execute an instruction. These methods including this one, are only called once within a big switch statement that each case is selected based on the value of the instruction’s operand. If instruction is null, none of these methods are executed. The passed instruction is a class field that is initialized to a nonnull value in the constructor, but it is possible to become null by calling the “reuse” method with null value. But when reached this method, it is guaranteed to be nonnull. The parameter is also dereferenced immediately in all these execute… methods.",intent,,
FIELD,hugo.project.hospital.Hospital$Department,,wardsForSingle,,urlff74b96b0d_HugoFeng_HospitalProject_tgz-pJ8-hugo_project_hospital_ProjectTestJ8/src/hugo/project/hospital/Hospital.java,WPI,Wrong,"This code has a very bad design. The field wardsForSingle is protected and uninitialized in the Department class which is abstract. But in every subclass, it is initialized once to a nonnull value inside their constructor. This is certainly a non-null value and is being dereferenced multiple times directly.",subclass-init,subclass,3
FIELD,m68k.Monitor,,writer,,url542ae48576_tonyheadford_m68k_tgz-pJ8-m68k_MonitorJ8/src/m68k/Monitor.java,WPI,Wrong,"This code has a bad design. This is a private field from a singleton objet that has been assigned only once, immediately after the object creation inside the main method before calling any other method.",intent,inner init,9
FIELD,org.ejml.alg.dense.linsol.BenchmarkSolveOver,,A,,url882f91ec97_WenboCao_Microsoft_Drone_tgz-pJ8-org_ejml_alg_dense_decomposition_qr_StabilityQRDecompositionJ8/src/org/ejml/alg/dense/linsol/BenchmarkSolveOver.java,WPI,Wrong,This is a bad code design. This is private static field that is being initialized at the beginning of the main method to a non-null value and never reassigned. There are multiple immediate dereference of this field as well.,intent,static,4
PARAMETER,br.edu.ufcg.lsd.oursim.fd.BertierFailureDetector$BertierMonitored,BertierMonitored(java.lang.String),id,0,urlb5d5be4365_abmargb_oursim_ext_tgz-pJ8-br_edu_ufcg_lsd_oursim_experiments_RemoteNoFScenarioGeneratorJ8/src/br/edu/ufcg/lsd/oursim/fd/BertierFailureDetector.java,WPI,Wrong,"The parameter is id of the instance, and always received a nonnull value as parameter. In only one caller, the id is coming from result of calling another instance getID that the id is not initialized at the constructor. On that object protocol, setID must be called after the object creation. But at the place where this id is getting passed to this method in question, if the id is null, an NPE will occur. Hence, if the code reaches where it getting passed to this parameter, the id cannot be null. There are multiple direct use of id as well with no null check.",deref,,
FIELD,net.dtkanov.blocks.tests.ALUTest,,alu,,urlb534bf3fca_akademi4eg_aka_uvc_tgz-pJ8-net_dtkanov_blocks_core_AppCoreJ8/src/net/dtkanov/blocks/tests/ALUTest.java,WPI,Wrong,"This is test code and should have not been included in the source code. In this code, the field is initialized to no a nonnull value inside the setup() method from junit framework and never reassigned.",init,,
FIELD,frs.hotgammon.common.VisualGameImpl$Move,,to,,url49526af437_Maria_G_CS325_tgz-pJ8-assignments_farmer_FarmerImplJ8/src/frs/hotgammon/common/VisualGameImpl.java,WPI,Wrong,"This field is of type Location which is an enum. This field is initialized once in the constructor and never reassigned. And in the entire code, this constructor is only called with nonnull values (enum members). The value passed to this constructor is coming from the Placement object which initializes the location field in the constructor with nonull value. WPI marked that field as Nonnull, but somehow thinks this field “to” is nullable.",enum,,
PARAMETER,Questing.Knowledge.KnowledgeQuests$KnowledgeQuest,"KnowledgeQuest(Sentiens.Clan,Sentiens.Clan)",patron,1,url53f943c5cb_Praznat_AGP_tgz-pJ8-AMath_TestingJ8/src/Questing/Knowledge/KnowledgeQuests.java,WPI,Wrong,This field is initialized at the beginning of APIs with a Nonnull value by calling init(..). The field is initialized only once with nonnull value and extensively dereferenced directly with no null check.,init,,
PARAMETER,query.primitive.PrimitiveQueryFactory,"create(query.Variable,core.Resource,core.Resource)",o,2,url5c7c5a5b36_taczge_rdf_store_tgz-pJ8-experiment_SATSolverExperimentJ8/src/query/primitive/PrimitiveQueryFactory.java,WPI,Wrong,"This method is only called once with three tokens. Based on the type of the tokens (using instancesof) this method is invoked. Right before entering this method, there is cast on the parameters and if it is null, the program will terminate with NPE and never into the method. Therefore, the parameter cannot be null. Also the parameter is directly copied into nonnull fields.",deref,,
PARAMETER,com.fidelis.argface.ArgOption,setHelp(java.lang.String),help,0,url27db8982cd_leohinterlang_argFace_tgz-pJ8-com_fidelis_argface_ArgSampleJ8/src/com/fidelis/argface/ArgOption.java,WPI,Wrong,The method is called with nonnull values. Null in view of WPI is coming from a third party but (getNextToken) but based on the usage it is not null,intent,,
FIELD,minewebsocket.org.java_websocket.WebSocketImpl,,knownDrafts,,url6544f14c72_charles_d_burton_java_websocket_example_tgz-pJ8-minewebsocket_MineWebSocketJ8/src/minewebsocket/org/java_websocket/WebSocketImpl.java,WPI,Correct,"This class has two constructors, and each initializes a subset of fields to nonnull values. Before using knownDrafts a condition is checked that under that condition, knownDrafts is always nonnull. That condition is also checked inside the constructor as well and if it not holds, the program will terminate with an exception. This code has bad design as the object behavior is determined by the value of “role” field.",propagation,,
FIELD,Graph$GraphNode,,children,,url913d8566d1_AnsBalin_rbn_tgz-pJ8-MainJ8/src/Graph.java,WPI,Correct,This code has complex logic (working with graphs) to prove null safety for static checkers. But this field can indeed be null and there are null checks.,propagation,,
METHOD,ch.obermuhlner.jhuge.collection.AbstractHugeHashMap,getMemoryManager(),,,url2b521cbda7_eobermuhlner_jhuge_tgz-pJ8-ch_obermuhlner_jhuge_example_MeasureHeapJ8/src/ch/obermuhlner/jhuge/collection/AbstractHugeHashMap.java,WPI,Wrong,This field is initialized with nonnull value through subclasses initialization logic. They all have a “prepare()” method that is called before calling public APIs. The return result of this method is also always dereferenced directly. It is the responsibility of the user to call “prepare” before accessing public APIs.,subclass-init,,
FIELD,hdfs.replicationsimulator.Simulator,,traceList,,url04f7fcf4e1_peteratt_HDFS_Replication_Simulator_tgz-pJ8-hdfs_replicationsimulator_MainJ8/src/hdfs/replicationsimulator/Simulator.java,WPI,Wrong,"This is a static field that is initialized within the “init” method that initializes this field to a nonnull value and never reassigned. In the main method before calling any methods, “init” is called.",init,,
METHOD,com.github.quickhull3d.QuickHull3D,"addAdjoiningFace(com.github.quickhull3d.Vertex,com.github.quickhull3d.HalfEdge)",,,url72c32f3c54_Quickhull3d_quickhull3d_tgz-pJ8-com_github_quickhull3d_SimpleExampleJ8/src/com/github/quickhull3d/QuickHull3D.java,WPI,Wrong,"Very complicated logic, this method returns the result of calling `face.getEdge(0)` but just because it is called with “0”, getEdge will return a field that is always nonnull. The declaration of “face.getEdge()” seems to be returning nullable , but not when called with 0.",intent,,
METHOD,org.maltparser.core.feature.spec.reader.ParReader,getDataStructuresMap(),,,url80e39b1957_tobikster_IJN_headers_recognition_tgz-pJ8-org_maltparser_examples_CreatePhraseStructureGraphJ8/src/org/maltparser/core/feature/spec/reader/ParReader.java,WPI,Wrong,"This is a private field that is getting initialized in the constructor by calling the init() method inside the constructor, this field is never reassigned again.",init,,
PARAMETER,com.jgraph.example.panelexample.FlyweightUIComponent,"installAttributes(java.lang.Object,org.jgraph.graph.CellView,boolean,org.jgraph.JGraph)",view,1,url20b0f880a5_jgraph_legacy_jgraph5_tgz-pJ8-org_jgraph_example_HelloWorldJ8/src/com/jgraph/example/panelexample/FlyweightUIComponent.java,WPI,Correct,"Null can flow here, and I would add a null check. (coming from map)",third,,
FIELD,main.PDSViewManager,,_logOutButton,,url9d04094941_petermikitsh_PizzaDeliverySystem_tgz-pJ8-testdrivers_ManagerReportTestDriverJ8/src/main/PDSViewManager.java,WPI,Wrong,"This is a static field that is initialized within the “init” method that initializes this field to a nonnull value and never reassigned. In the main method before calling any methods, “init” is called.",init,,
FIELD,hypergraph.HypergraphProto$Hypergraph,,vertices_,,url284ba87ea1_swabhs_forbidden_paths_tgz-pJ8-tagging_hypergraph_TaggingHypergraphGeneratorJ8/src/hypergraph/HypergraphProto.java,WPI,Wrong,"“Hypergraph” the field owner is a singleton instance stored in a static reference. And there is an initializer method in Hypergraph outside of constructor, that is called in the static block creating the only instance of Hypergraph. The whole program treats this field as nonnull and it is indeed nonnull.",init,,
FIELD,net.personaltt.main.Benchmark$RandomProblemGenerator,,problem,,urldee901fae6_DocX_personal_timetabling_tgz-pJ8-net_personaltt_main_BenchmarkJ8/src/net/personaltt/main/Benchmark.java,WPI,Wrong,"The field is initialized with an init method to a nonnull value and never reassigned. The code treats this field as nonnull. The only place that this class is instantiated, immediately the init method has been called. It is the responsibility of the caller to make sure init is called before calling the class methods.",init,,
PARAMETER,ccproxy.Events,"hangup(java.lang.String,java.lang.String,java.lang.String)",uniqueid,2,url2df0f7c811_przemekgalazka_legacycode_tgz-pJ8-pl_cc_core_cmd_CommandJ8/src/ccproxy/Events.java,WPI,Correct,"It is possible that a null value flow here through a mistake in constructing the objects for initializations. The value is coming from a map and if the map is not populated as expected, this value can be null.",third,,
PARAMETER,org.maltparser.transform.pseudo.PseudoProjectivity,"findAllDependentsVectorSortedByDistanceToPProjNode(org.maltparser.core.syntaxgraph.DependencyStructure,org.maltparser.core.syntaxgraph.node.DependencyNode,org.maltparser.core.syntaxgraph.node.DependencyNode,boolean)",governor,1,url80e39b1957_tobikster_IJN_headers_recognition_tgz-pJ8-org_maltparser_examples_CreatePhraseStructureGraphJ8/src/org/maltparser/transform/pseudo/PseudoProjectivity.java,WPI,Wrong,"There are only two complicated patterns of flows that reach here, one is from calling “node.remove(0)” which removes and returns the first element. And “node.getHead()”. The first case cannot be null since it always called in a block where the size is checked to be more than 1. And the second case, “getHead” is always called in a block that “hasHead” is called. The parameter is also dereferenced immediately in the method body. Note in both “getHead” and “remove” the return result can be null but they are protected with two checks mentioned earlier.",intent,,
PARAMETER,org.maltparser.core.helper.HashMap$KeySet,remove(java.lang.Object),o,0,url80e39b1957_tobikster_IJN_headers_recognition_tgz-pJ8-org_maltparser_examples_CreatePhraseStructureGraphJ8/src/org/maltparser/core/helper/HashMap.java,WPI,Correct,This override of the “remove” method in collection. But the implementation is prepared to receive “null”. I would keep this annotation. (uncalled),propagation,,
PARAMETER,org.fressian.Writer,writeList(java.lang.Object),l,0,url57668a8619_Datomic_fressian_tgz-pJ8-org_fressian_ExamplesJ8/src/org/fressian/Writer.java,WPI,Correct,The @Nullable annotation matches the implementation and correctly added. (uncalled),propagation,,
METHOD,com.mpos.lottery.te.thirdpartyservice.amqp.TeTransactionMessage$Transaction$Builder,getDevIdBytes(),,,url2bc31e3489_ramonli_RabbitMQResearch_tgz-pJ8-com_mpos_lottery_te_thirdpartyservice_amqp_protobuf_CancellationMessagePulisherJ8/src/com/mpos/lottery/te/thirdpartyservice/amqp/TeTransactionMessage.java,WPI,Wrong,"It has a very complicated logic, but there are values coming from third party and they are nonnull.",third,,
FIELD,com.usps.evs.vo.ManifestDetailRawLineV15Vo,,discountType,,urld025f21ac3_mvattipulusu_Innovation2013_tgz-pJ8-com_usps_data_ManifestFileTestJ8/src/com/usps/evs/vo/ManifestDetailRawLineV15Vo.java,WPI,Correct,The field is not initialized in the constructor and should be set via setter. There are null checks (through a third party code “isEmpty”) on the result of getter. I would add a @Nullable on the getter.,propagation,,
METHOD,algorithms_and_systems_AI_Evolutionary.Chromosome,getPhrase(),,,url79d4f7c7ed_schanq_Live_Algorithm_tgz-pJ8-algorithms_and_systems_AI_Evolutionary_GeneticAlgorithmJ8/src/algorithms_and_systems_AI_Evolutionary/Chromosome.java,WPI,Correct,The field is not initialized in the constructor and should be set via setter.,propagation,,
METHOD,es.uc3m.recordplayer.logic.Song,getGenre(),,,url3ed4973106_kosmasK_RecordPlayer_tgz-pJ8-es_uc3m_recordplayer_test_TestJ8/src/es/uc3m/recordplayer/logic/Song.java,WPI,Wrong,This is getter for a field. The field is initialized to a nonnull value in the constructor and the constructor is always called with nonnull values. The field itself is treated as Nonnull everywhere. There is also another method called “setGenre” and it has not been called anywhere. I would remove the annotation here and add the constraint that users should not call setGenre with null values.,intent,,
FIELD,permlab.examples.PartialIsomorphism,,iso,,urlc175f05cb8_mchllbrt_PermCode_tgz-pJ8-permlib_examples_UniversalSeparableJ8/src/permlab/examples/PartialIsomorphism.java,WPI,Wrong,"This is a field that is initialized to nonnull value in the constructor. This constructor has been called only with nonnull values, in one case (that might be clue for nullability in the view of wpi) is that the passed value to the constructor is a private field that is getting initialized in the constructor by calling the init() method inside the constructor, this field is never reassigned again. Probably wpi is not considering this fact and propagating the wrong nullable from that field to this field.",init,,
PARAMETER,edu.luc.nmerge.mvd.MVD,"installSpecial(java.util.TreeMap,edu.luc.nmerge.graph.SpecialArc,edu.luc.nmerge.graph.Graph,boolean)",subGraph,2,url294e6c45f3_Ecdosis_NMergeNew_tgz-pJ8-TestJ8/src/edu/luc/nmerge/mvd/MVD.java,WPI,Correct,I can see paths from null here. I would add a Nullable here.,propagation,,
METHOD,org.ejml.alg.dense.decomposition.chol.CholeskyDecompositionCommon_D64,_getVV(),,,url882f91ec97_WenboCao_Microsoft_Drone_tgz-pJ8-org_ejml_alg_dense_decomposition_qr_StabilityQRDecompositionJ8/src/org/ejml/alg/dense/decomposition/chol/CholeskyDecompositionCommon_D64.java,WPI,Wrong,The field is not initialized in the constructor and should be set via a setter. There are checks on the callers that ensures this field is initialized by checking the state.,intent,,
METHOD,de.odysseus.el.tree.impl.ast.AstFunction,"eval(de.odysseus.el.tree.Bindings,javax.el.ELContext)",,,url4fdf79ae2c_beckchr_juel_tgz-pJ8-de_odysseus_el_samples_xml_sax_XMELFilterJ8/src/de/odysseus/el/tree/impl/ast/AstFunction.java,WPI,Correct,"If we follow the return result creation, it ends up returning the result of method.invoke() from third party, which can be null.",third,,
FIELD,groupsignature.elliptic.EllipticCurve,,generator,,urla42f49a9b2_dpjayasekara_crypthouse_tgz-pJ8-vehiclesc_VehicleSCJ8/src/groupsignature/elliptic/EllipticCurve.java,WPI,Correct,"This class has two constructors, and each initializes a subset of fields to nonnull values. In the only place where this field is used, the corresponding constructor for initializing this field is also used. It does not lead to NPE, but I would keep the annotation on the field, since it is indeed possible to be nullable and no mechanism to prevent an NPE by this field.",propagation,,
FIELD,com.usps.evs.vo.ManifestDetailRawLineV15Vo,,nonIncidentalEnclosureProcessCat,,urld025f21ac3_mvattipulusu_Innovation2013_tgz-pJ8-com_usps_data_ManifestFileTestJ8/src/com/usps/evs/vo/ManifestDetailRawLineV15Vo.java,WPI,Correct,This is not initialized in the constructor and the corresponding setter should be called before use.,propagation,,
FIELD,permlab.ui.TableFrame,,parentTask,,urlc175f05cb8_mchllbrt_PermCode_tgz-pJ8-permlib_examples_UniversalSeparableJ8/src/permlab/ui/TableFrame.java,WPI,Correct,This field is initialized in the constructor and the constructor is called with a null value. This annotation should be acknowledged. Annotator made the parameter Nullable but did not made the field Nullable and is incomplete.,propagation,,
FIELD,Knot,,leftknot,,url587829ef81_champdavis_KhovanovHomology_tgz-pJ8-KhovanovMapJ8/src/Knot.java,WPI,Correct,"This field not initialized in the construct but the caller is responsible for calling the init method before accessing any of this instance methods. In the code, for this singleton instance, the init is properly called. But there is null checks on the field and the on getter.",propagation,,
PARAMETER,nextgen.model.Element,"Element(java.lang.String,java.lang.String,java.lang.String)",tableName,2,urle514e161fe_pericodiaz89_NextGen_tgz-pJ8-lib_json_TestJ8/src/nextgen/model/Element.java,WPI,Wrong,"The method is called only with nonnull values. In all places, the value is a string literal. In one place the value is coming from a third party code (“result.getString()”) which is inside a block checked by (“result.next()”). Therefore, the value cannot be null.",intent,,
PARAMETER,edu.luc.nmerge.graph.MUM,"MUM(edu.luc.nmerge.graph.SpecialArc,edu.luc.nmerge.graph.Graph,boolean)",graph,1,url294e6c45f3_Ecdosis_NMergeNew_tgz-pJ8-TestJ8/src/edu/luc/nmerge/graph/MUM.java,WPI,Correct,There is a path from a nullable to this parameter. I would keep the annotation and a null check.,propagation,,
PARAMETER,org.maltparser.core.syntaxgraph.PhraseStructureGraph,PhraseStructureGraph(org.maltparser.core.symbol.SymbolTableHandler),symbolTables,0,url80e39b1957_tobikster_IJN_headers_recognition_tgz-pJ8-org_maltparser_examples_CreatePhraseStructureGraphJ8/src/org/maltparser/core/syntaxgraph/PhraseStructureGraph.java,WPI,Wrong,"This parameter from the constructor is always called with nonnull values. In once case, a class field has been passed to this parameter and that field is initialized in the constructor by calling the init function inside the constructor, and initialized to a nonnull value.",init,,
PARAMETER,xscript.object.XTypeDataList,"createData(xscript.object.XRuntime,xscript.object.XObject,java.lang.Object[])",args,2,url5583f3dbb2_XOR19_XScript_tgz-pJ8-xscript_interactive_MainJ8/src/xscript/object/XTypeDataList.java,WPI,Correct,It can be null and I see strong evidence for that. I would keep the annotation and add null checks.,propagation,,
FIELD,dnd.attributegui.ui.ChoicePanel,,_classLock,,urla67b38dd7b_Coolhand2_DnD_AttributeGui_tgz-pJ8-dnd_attributegui_DnDAttributeGuiJ8/src/dnd/attributegui/ui/ChoicePanel.java,WPI,Wrong,The field is private and initialized with an init method to a nonnull value that is called within the constructor itself.,init,,
METHOD,ee.ea.pkg1.SpecifiedSpecial,showType(),,,url6dc6a3bff8_JasonxJiang_PokemonEvolutionaryAlgorithm_tgz-pJ8-ee_ea_pkg1_EEEA1J8/src/ee/ea/pkg1/SpecifiedSpecial.java,WPI,Wrong,"This is a bad code design, this method returns a field value, where this protected field is initialized in all subclasses directly instead of doing the initialization in the super class constructor.",init-subclass,,
PARAMETER,rooms.Cave,"activate(commands.Game,rooms.Room)",exit,1,url6da19b5a7a_krakrak_Adventure_Game_tgz-pJ8-adventure_MainJ8/src/rooms/Cave.java,WPI,Correct,"I see null values coming here, I would keep the annotation and add a null check.",propagation,,
FIELD,org.knowm.xchart.style.Styler,,plotBackgroundColor,,url89849c8c5b_timmolter_XChart_tgz-pJ8-org_knowm_xchart_standalone_Example1J8/src/org/knowm/xchart/style/Styler.java,WPI,Wrong,This field among many other fields are initialized to a nonnull value and never reassigned inside the “setup” method. It is the responsibility of the caller to ensure this method is called before calling any other API.,init,,
PARAMETER,edu.luc.nmerge.fastme.tree,NewickPrintTrinaryTree(java.io.PrintStream),out,0,url294e6c45f3_Ecdosis_NMergeNew_tgz-pJ8-TestJ8/src/edu/luc/nmerge/fastme/tree.java,WPI,Wrong,The only passed value to this constructor is a static field that is initialized in the main method to a nonnull value (System.out),intent,,
FIELD,org.knowm.xchart.internal.chartpart.Chart,,legend,,url89849c8c5b_timmolter_XChart_tgz-pJ8-org_knowm_xchart_standalone_Example1J8/src/org/knowm/xchart/internal/chartpart/Chart.java,WPI,Wrong,"This is a bad code design, this protected field is initialized in all subclasses directly instead of doing the initialization in the super class constructor.",init-subclass,,
PARAMETER,relop.Tuple,"join(relop.Tuple,relop.Tuple,relop.Schema)",t2,1,url9a546dbc59_ojjsaw_448p3_tgz-pJ8-tests_RelOperatorTestJ8/src/relop/Tuple.java,WPI,Wrong,This method is called only with nonnull values. These values are coming from calling iterator.next but always called within a block where it is checked by iterator.hasNext().,intent,,
,,,,,,Correct:,71,,,,
,,,,,,Wrong:,79,,,,